Date,Date
2022-03-07,2022-03-07
2023-08-10,2023-08-10
2014-10-07,2014-10-07
2019-11-05,2019-11-05
2017-08-17,2017-08-17
2018-05-17,2018-05-17
2022-11-03,2022-11-03
2023-05-23,2023-05-23
2021-09-20,2021-09-20
2022-12-29,2022-12-29
2017-11-24,2017-11-24
2021-10-18,2021-10-18
2023-05-26,2023-05-26
2017-06-14,2017-06-14
2017-09-07,2017-09-07
2018-06-12,2018-06-12
2017-03-01,2017-03-01
2023-05-17,2023-05-17
2016-12-20,2016-12-20
2014-03-20,2014-03-20
2016-04-25,2016-04-25
2018-05-11,2018-05-11
2018-03-08,2018-03-08
2020-09-04,2020-09-04
2021-06-15,2021-06-15
2016-11-21,2016-11-21
2015-10-06,2015-10-06
2016-06-14,2016-06-14
2014-10-10,2014-10-10
2022-03-11,2022-03-11
2016-11-11,2016-11-11
2020-05-29,2020-05-29
2019-08-12,2019-08-12
2020-06-26,2020-06-26
2022-01-07,2022-01-07
2023-10-24,2023-10-24
2017-02-03,2017-02-03
2021-12-08,2021-12-08
2015-09-29,2015-09-29
2021-01-04,2021-01-04
2023-09-25,2023-09-25
2018-01-09,2018-01-09
2016-04-05,2016-04-05
2022-04-19,2022-04-19
2021-05-14,2021-05-14
2016-10-27,2016-10-27
2015-04-08,2015-04-08
2024-02-12,2024-02-12
2020-09-15,2020-09-15
2017-01-13,2017-01-13
2018-03-19,2018-03-19
2023-11-22,2023-11-22
2017-06-30,2017-06-30
2024-03-21,2024-03-21
2022-08-23,2022-08-23
2022-08-29,2022-08-29
2018-05-24,2018-05-24
2022-03-25,2022-03-25
2022-09-16,2022-09-16
2022-07-28,2022-07-28
2015-04-02,2015-04-02
2017-08-29,2017-08-29
2019-01-18,2019-01-18
2016-06-16,2016-06-16
2022-01-19,2022-01-19
2020-07-20,2020-07-20
2023-11-07,2023-11-07
2021-03-25,2021-03-25
2014-11-25,2014-11-25
2015-01-02,2015-01-02
2019-01-10,2019-01-10
2022-09-30,2022-09-30
2015-11-24,2015-11-24
2016-10-18,2016-10-18
2022-03-30,2022-03-30
2014-02-20,2014-02-20
2018-09-24,2018-09-24
2018-04-13,2018-04-13
2015-01-30,2015-01-30
2023-12-18,2023-12-18
2016-12-15,2016-12-15
2019-04-05,2019-04-05
2020-02-11,2020-02-11
2018-05-21,2018-05-21
2016-03-29,2016-03-29
2014-06-20,2014-06-20
2019-04-11,2019-04-11
2021-01-05,2021-01-05
2017-12-18,2017-12-18
2019-10-10,2019-10-10
2020-08-07,2020-08-07
2018-01-10,2018-01-10
2022-01-31,2022-01-31
2020-09-17,2020-09-17
2015-02-26,2015-02-26
2018-04-17,2018-04-17
2017-12-04,2017-12-04
2020-04-21,2020-04-21
2021-01-07,2021-01-07
2019-06-03,2019-06-03
2021-09-24,2021-09-24
2015-09-25,2015-09-25
2018-10-01,2018-10-01
2016-01-25,2016-01-25
2023-05-11,2023-05-11
2015-08-31,2015-08-31
2021-06-14,2021-06-14
2023-10-27,2023-10-27
2023-07-07,2023-07-07
2015-09-04,2015-09-04
2023-03-02,2023-03-02
2022-07-14,2022-07-14
2021-09-22,2021-09-22
2023-12-06,2023-12-06
2021-08-20,2021-08-20
2018-05-31,2018-05-31
2019-04-09,2019-04-09
2021-11-10,2021-11-10
2014-08-15,2014-08-15
2017-07-28,2017-07-28
2023-08-08,2023-08-08
2016-03-07,2016-03-07
2020-07-23,2020-07-23
2021-04-15,2021-04-15
2020-11-12,2020-11-12
2019-01-09,2019-01-09
2019-08-02,2019-08-02
2024-04-26,2024-04-26
2023-11-10,2023-11-10
2023-01-30,2023-01-30
2019-06-27,2019-06-27
2018-01-25,2018-01-25
2019-08-27,2019-08-27
2016-12-13,2016-12-13
2019-08-13,2019-08-13
2020-05-08,2020-05-08
2019-11-25,2019-11-25
2024-01-18,2024-01-18
2017-09-15,2017-09-15
2019-03-06,2019-03-06
2022-12-08,2022-12-08
2021-11-24,2021-11-24
2023-08-02,2023-08-02
2023-02-27,2023-02-27
2018-01-18,2018-01-18
2020-12-24,2020-12-24
2016-10-26,2016-10-26
2022-09-06,2022-09-06
2023-12-07,2023-12-07
2015-09-14,2015-09-14
